Galaxy_ID,Redshift_z,delta_F,n_nivel,Seed_Alignment_%
JADES-GS-z14-0,14.32,0.921,0,100.0
JADES-GS-z13-0,13.2,0.92095,1,99.995
CEERS-93316,12.38,0.92095,1,99.995
GLASS-z12,12.1,0.92095,1,99.995
GN-z11,10.6,0.92095,1,99.995
