galaxy_id,redshift_z,observed_mass_log,structural_coherence,varianza_fractal
JADES-GS-z13-0,13.2,8.5,0.921,0.0
F200DB-045,11.0,9.2,0.9205,0.000500000000000056
GN-z11,10.6,9.0,0.9208,0.000200000000000089
CEERS-93316,16.7,8.2,0.921,0.0
GLASS-z12,12.5,9.1,0.9209,9.999999999998899e-05
