Source,PD_Obs_%,Energy_keV,PD_MFSU_Pred,Desviacion_Métrica
Crab Nebula,20.0,2.5,23.15,3.1499999999999986
Cassiopeia A,1.8,3.0,2.08,0.28
1RXS J170849.0-400910,50.0,4.0,57.87,7.869999999999997
Cyg X-1,2.0,2.0,2.31,0.31000000000000005
