Source,Obs_PD,Obs_PA_deg,MFSU_Quat_W,MFSU_Quat_Z,Topological_Coherence
Cassiopeia A,0.05,78.0,0.715751,0.049716,0.7771
Crab Nebula,0.2,136.0,0.345013,0.073248,0.3746
Cyg X-1,0.04,21.0,0.905578,0.014397,0.9833
MSH 15-52,0.15,120.0,0.4605,0.068416,0.5
