cluster_name,mass_density_core,observed_shear,redshift_z,delta_F_predicho,coherencia_lensing
Abell 370,1500000000000000.0,0.045,0.375,0.921,0.4605
MACS J0416,1200000000000000.0,0.042,0.397,0.921,0.36840000000000006
Bullet Cluster,2100000000000000.0,0.038,0.296,0.921,0.6446999999999999
El Gordo,3000000000000000.0,0.048,0.87,0.921,0.921
Pandora Cluster,1800000000000000.0,0.041,0.308,0.921,0.5526
Abell 2744,2000000000000000.0,0.044,0.308,0.921,0.614
CL0024+17,1100000000000000.0,0.035,0.395,0.921,0.3377
MACS J1206,1400000000000000.0,0.043,0.441,0.921,0.4298
