ID_Evento,Z_Redshift,delta_F_obs,Nivel_Ramificacion_n,delta_F_teorico,Coherencia_MFSU_%
PLANCK-CMB-ORIGIN,1100.0,0.921,0,0.921,100.0
JWST-JADES-GS-z13,13.2,0.92099,0,0.921,99.999
EUCLID-LSS-BRANCH-1,2.0,0.92077,5,0.9207697730238489,99.99997730238489
LIGO-GW150914,0.09,0.92054,10,0.9205396035986863,99.99996035986862
SPARC-NGC3198,0.002,0.92035,14,0.9203555094856003,99.99944905143997
